{
    "gpt-3.5-turbo-0613": 0.00015000000000000001,
    "claude-2": 0.00016454,
    "gpt-4-0613": 0.015408
}